Workbook

Sheet Student_Data
A1: Student ID | B1: Student Name | C1: Math | D1: Science | E1: English | F1: Total Marks | G1: Average Marks | H1: Result
A2: 101 | B2: Rahul | C2: 85 | D2: 78 | E2: 90 | F2: =SUM(Student_Table[[#This Row],[Math]],Student_Table[[#This Row],[Science]],Student_Table[[#This Row],[English]]) -> 253 | G2: =AVERAGE(Student_Table[[#This Row],[Math]],Student_Table[[#This Row],[Science]],Student_Table[[#This Row],[English]]) -> 84.333333 | H2: =IF(Student_Table[[#This Row],[Total Marks]]>=120,"Pass","Fail") -> Pass
A3: 102 | B3: Priya | C3: 92 | D3: 88 | E3: 95 | F3: =SUM(Student_Table[[#This Row],[Math]],Student_Table[[#This Row],[Science]],Student_Table[[#This Row],[English]]) -> 275 | G3: =AVERAGE(Student_Table[[#This Row],[Math]],Student_Table[[#This Row],[Science]],Student_Table[[#This Row],[English]]) -> 91.666667 | H3: =IF(Student_Table[[#This Row],[Total Marks]]>=120,"Pass","Fail") -> Pass
A4: 103 | B4: Amit | C4: 65 | D4: 72 | E4: 68 | F4: =SUM(Student_Table[[#This Row],[Math]],Student_Table[[#This Row],[Science]],Student_Table[[#This Row],[English]]) -> 205 | G4: =AVERAGE(Student_Table[[#This Row],[Math]],Student_Table[[#This Row],[Science]],Student_Table[[#This Row],[English]]) -> 68.333333 | H4: =IF(Student_Table[[#This Row],[Total Marks]]>=120,"Pass","Fail") -> Pass
A5: 104 | B5: Neha | C5: 76 | D5: 81 | E5: 79 | F5: =SUM(Student_Table[[#This Row],[Math]],Student_Table[[#This Row],[Science]],Student_Table[[#This Row],[English]]) -> 236 | G5: =AVERAGE(Student_Table[[#This Row],[Math]],Student_Table[[#This Row],[Science]],Student_Table[[#This Row],[English]]) -> 78.666667 | H5: =IF(Student_Table[[#This Row],[Total Marks]]>=120,"Pass","Fail") -> Pass
A6: 105 | B6: Karan | C6: 27 | D6: 43 | E6: 48 | F6: =SUM(Student_Table[[#This Row],[Math]],Student_Table[[#This Row],[Science]],Student_Table[[#This Row],[English]]) -> 118 | G6: =AVERAGE(Student_Table[[#This Row],[Math]],Student_Table[[#This Row],[Science]],Student_Table[[#This Row],[English]]) -> 39.333333 | H6: =IF(Student_Table[[#This Row],[Total Marks]]>=120,"Pass","Fail") -> Fail
A7: 106 | B7: Riya | C7: 95 | D7: 93 | E7: 97 | F7: =SUM(Student_Table[[#This Row],[Math]],Student_Table[[#This Row],[Science]],Student_Table[[#This Row],[English]]) -> 285 | G7: =AVERAGE(Student_Table[[#This Row],[Math]],Student_Table[[#This Row],[Science]],Student_Table[[#This Row],[English]]) -> 95 | H7: =IF(Student_Table[[#This Row],[Total Marks]]>=120,"Pass","Fail") -> Pass
A8: 107 | B8: Arjun | C8: 70 | D8: 75 | E8: 72 | F8: =SUM(Student_Table[[#This Row],[Math]],Student_Table[[#This Row],[Science]],Student_Table[[#This Row],[English]]) -> 217 | G8: =AVERAGE(Student_Table[[#This Row],[Math]],Student_Table[[#This Row],[Science]],Student_Table[[#This Row],[English]]) -> 72.333333 | H8: =IF(Student_Table[[#This Row],[Total Marks]]>=120,"Pass","Fail") -> Pass
A9: 108 | B9: Pooja | C9: 88 | D9: 84 | E9: 90 | F9: =SUM(Student_Table[[#This Row],[Math]],Student_Table[[#This Row],[Science]],Student_Table[[#This Row],[English]]) -> 262 | G9: =AVERAGE(Student_Table[[#This Row],[Math]],Student_Table[[#This Row],[Science]],Student_Table[[#This Row],[English]]) -> 87.333333 | H9: =IF(Student_Table[[#This Row],[Total Marks]]>=120,"Pass","Fail") -> Pass
A10: 109 | B10: Vivek | C10: 32 | D10: 25 | E10: 60 | F10: =SUM(Student_Table[[#This Row],[Math]],Student_Table[[#This Row],[Science]],Student_Table[[#This Row],[English]]) -> 117 | G10: =AVERAGE(Student_Table[[#This Row],[Math]],Student_Table[[#This Row],[Science]],Student_Table[[#This Row],[English]]) -> 39 | H10: =IF(Student_Table[[#This Row],[Total Marks]]>=120,"Pass","Fail") -> Fail
A11: 110 | B11: Sneha | C11: 80 | D11: 86 | E11: 82 | F11: =SUM(Student_Table[[#This Row],[Math]],Student_Table[[#This Row],[Science]],Student_Table[[#This Row],[English]]) -> 248 | G11: =AVERAGE(Student_Table[[#This Row],[Math]],Student_Table[[#This Row],[Science]],Student_Table[[#This Row],[English]]) -> 82.666667 | H11: =IF(Student_Table[[#This Row],[Total Marks]]>=120,"Pass","Fail") -> Pass

Sheet Analysis
A2: Highest Total Marks | B2: =MAX(Student_Table[[#All],[Total Marks]]) -> 285
A3: Lowest Total Marks | B3: =MIN(Student_Table[[#All],[Total Marks]]) -> 117
A4: Average Class Marks | B4: =AVERAGE(Student_Table[[#All],[Total Marks]]) -> 221.6
A5: Number of Passed Students | B5: =COUNTIF(Student_Table[[#All],[Result]],"Pass") -> 8
A6: Number of Failed Students | B6: =COUNTIF(Student_Table[[#All],[Result]],"Fail") -> 2
A7: Topper Name | B7: {=_xlfn.XLOOKUP(B2,Student_Table[[#All],[Total Marks]],Student_Table[[#All],[Student Name]])} -> Riya

Sheet Dashboard
A1: STUDENT PERFORMANCE DASHBOARD
A4: Hightest Marks | E4: Average Marks | I4: Topper Name | N4: STUDENT TOTAL MARKS | W4: AVERAGE MARKS BY STUDENT
A6: =Analysis!B2 -> 285 | E6: =Analysis!B4 -> 221.6 | I6: =Analysis!B7 -> Riya
A9: Passed Students | E9: Failed Students
A11: =Analysis!B5 -> 8 | E11: =Analysis!B6 -> 2
B14: PASS VS FAIL DISTRIBUTION
O22: PERFORMANCE SUMMARY
O24: Total Students | Q24: Total Marks | S24: Average of Total Marks | U24: Average of Average Marks | X24: Pass Percentage | Z24: Fail Percentage
O28: =COUNT(Student_Data!A1:A12) -> 10 | Q28: =SUM(Student_Data!F2:F11) -> 2216 | S28: =AVERAGE(Student_Data!F2:F11) -> 221.6 | U28: =AVERAGE(Student_Data!G2:G11) -> 73.866667 | X28: =COUNTIF(Student_Data!H1:H11,"Pass")/COUNTA(Student_Data!A2:A11) -> 0.8 | Z28: =COUNTIF(Student_Data!H1:H11,"Fail")/(COUNTA(Student_Data!A2:A11)) -> 0.2
